{"cameraMode":{"drawMode":0,"name":"Shaded","section":"Shading Mode"},"sceneLighting":false,"audioPlay":false,"sceneViewState":{"showFog":true,"showMaterialUpdate":false,"showSkybox":false,"showFlares":true,"showImageEffects":true,"showParticleSystems":true},"in2DMode":false,"pivot":{"x":-4.631614685058594,"y":-3.7656688690185549,"z":15.77665901184082},"rotation":{"x":0.18495801091194154,"y":-0.3260868787765503,"z":0.06521844863891602,"w":0.9247726798057556},"size":31.443326950073243,"orthographic":false}